Language,Count
en,0.31888
ja,0.08788
es,0.036
ru,0.02317
in,0.02155
fr,0.01192
und,0.00706
false,0.0067
de,0.00591
tr,0.00517
